,kcat,KM,dGo,alpha,RSS,Result order,Parameter pair
0,0.046991325770250864,4.5942962761697854e-05,-3.2498,-4.0684,9.680124202094337,1,"kcat,KM"
1,0.046991325770250864,2.7542082588627457e-05,-3.2498,-4.0684,0.3225368952398625,0,"kcat,KM"
2,0.046991325770250864,7.663748086335051e-05,-3.2498,-4.0684,28.53330942836785,2,"kcat,KM"
3,0.046991325770250864,0.00021324834293778443,-3.2498,-4.0684,46.99773498731531,4,"kcat,KM"
4,0.046991325770250864,0.0001278390229978141,-3.2498,-4.0684,42.31804986714946,3,"kcat,KM"
5,0.046991325770250864,0.0003557196754115406,-3.2498,-4.0684,47.53588973235203,5,"kcat,KM"
6,0.046991325770250864,0.000593376181646621,-3.2498,-4.0684,47.566908581314394,6,"kcat,KM"
7,0.046991325770250864,0.0016511044732865686,-3.2498,-4.0684,47.568748224924846,8,"kcat,KM"
8,0.046991325770250864,0.0009898111273664483,-3.2498,-4.0684,47.56859768992685,7,"kcat,KM"
9,0.046991325770250864,0.0027542082588627457,-3.2498,-4.0684,47.568776223104734,9,"kcat,KM"
10,0.07838625576109841,4.5942962761697854e-05,-3.2498,-4.0684,0.32253689524586554,11,"kcat,KM"
11,0.07838625576109841,7.663748086335051e-05,-3.2498,-4.0684,9.680124202151642,12,"kcat,KM"
12,0.07838625576109841,2.7542082588627457e-05,-3.2498,-4.0684,6.905122660052664,10,"kcat,KM"
13,0.07838625576109841,0.0001278390229978141,-3.2498,-4.0684,28.533309429430986,13,"kcat,KM"
14,0.07838625576109841,0.0003557196754115406,-3.2498,-4.0684,46.997734985464824,15,"kcat,KM"
15,0.07838625576109841,0.00021324834293778443,-3.2498,-4.0684,42.31804986632672,14,"kcat,KM"
16,0.07838625576109841,0.000593376181646621,-3.2498,-4.0684,47.53588973235651,16,"kcat,KM"
17,0.07838625576109841,0.0009898111273664483,-3.2498,-4.0684,47.566908581323645,17,"kcat,KM"
18,0.07838625576109841,0.0016511044732865686,-3.2498,-4.0684,47.56859768992685,18,"kcat,KM"
19,0.07838625576109841,0.0027542082588627457,-3.2498,-4.0684,47.56874822492514,19,"kcat,KM"
20,0.13075615534418947,2.7542082588627457e-05,-3.2498,-4.0684,16.737812080726208,20,"kcat,KM"
21,0.13075615534418947,4.5942962761697854e-05,-3.2498,-4.0684,6.9051226601408775,21,"kcat,KM"
22,0.13075615534418947,7.663748086335051e-05,-3.2498,-4.0684,0.32253689525742646,22,"kcat,KM"
23,0.13075615534418947,0.0001278390229978141,-3.2498,-4.0684,9.680124202151609,23,"kcat,KM"
24,0.13075615534418947,0.00021324834293778443,-3.2498,-4.0684,28.533309429430986,24,"kcat,KM"
25,0.13075615534418947,0.0003557196754115406,-3.2498,-4.0684,42.31804986632672,25,"kcat,KM"
26,0.13075615534418947,0.000593376181646621,-3.2498,-4.0684,46.9977349873153,26,"kcat,KM"
27,0.13075615534418947,0.0009898111273664483,-3.2498,-4.0684,47.53588973235651,27,"kcat,KM"
28,0.13075615534418947,0.0016511044732865686,-3.2498,-4.0684,47.566908581323645,28,"kcat,KM"
29,0.13075615534418947,0.0027542082588627457,-3.2498,-4.0684,47.56859768992685,29,"kcat,KM"
30,0.2181144129718568,2.7542082588627457e-05,-3.2498,-4.0684,23.869611189054915,30,"kcat,KM"
31,0.2181144129718568,4.5942962761697854e-05,-3.2498,-4.0684,16.7378120806834,31,"kcat,KM"
32,0.2181144129718568,7.663748086335051e-05,-3.2498,-4.0684,6.905122659814569,32,"kcat,KM"
33,0.2181144129718568,0.0001278390229978141,-3.2498,-4.0684,0.32253689525159396,33,"kcat,KM"
34,0.2181144129718568,0.00021324834293778443,-3.2498,-4.0684,9.680124202040751,34,"kcat,KM"
35,0.2181144129718568,0.0003557196754115406,-3.2498,-4.0684,28.533309428367836,35,"kcat,KM"
36,0.2181144129718568,0.000593376181646621,-3.2498,-4.0684,42.318049866788726,36,"kcat,KM"
37,0.2181144129718568,0.0009898111273664483,-3.2498,-4.0684,46.997734987315305,37,"kcat,KM"
38,0.2181144129718568,0.0016511044732865686,-3.2498,-4.0684,47.53588973235203,38,"kcat,KM"
39,0.2181144129718568,0.0027542082588627457,-3.2498,-4.0684,47.566908581323645,39,"kcat,KM"
40,0.3638367694494298,2.7542082588627457e-05,-3.2498,-4.0684,27.935166609735052,40,"kcat,KM"
41,0.3638367694494298,4.5942962761697854e-05,-3.2498,-4.0684,23.869611189028287,41,"kcat,KM"
42,0.3638367694494298,7.663748086335051e-05,-3.2498,-4.0684,16.73781208104213,42,"kcat,KM"
43,0.3638367694494298,0.0001278390229978141,-3.2498,-4.0684,6.905122659895568,43,"kcat,KM"
44,0.3638367694494298,0.00021324834293778443,-3.2498,-4.0684,0.3225368952397094,44,"kcat,KM"
45,0.3638367694494298,0.0003557196754115406,-3.2498,-4.0684,9.680124202094316,45,"kcat,KM"
46,0.3638367694494298,0.000593376181646621,-3.2498,-4.0684,28.533309428367843,46,"kcat,KM"
47,0.3638367694494298,0.0009898111273664483,-3.2498,-4.0684,42.3180498671495,47,"kcat,KM"
48,0.3638367694494298,0.0016511044732865686,-3.2498,-4.0684,46.99773498731531,48,"kcat,KM"
49,0.3638367694494298,0.0027542082588627457,-3.2498,-4.0684,47.53588973225969,49,"kcat,KM"
50,0.6069163105717279,2.7542082588627457e-05,-3.2498,-4.0684,29.75634842315681,50,"kcat,KM"
51,0.6069163105717279,4.5942962761697854e-05,-3.2498,-4.0684,27.93516660973502,51,"kcat,KM"
52,0.6069163105717279,7.663748086335051e-05,-3.2498,-4.0684,23.869611189028006,52,"kcat,KM"
53,0.6069163105717279,0.0001278390229978141,-3.2498,-4.0684,16.737812081261982,53,"kcat,KM"
54,0.6069163105717279,0.00021324834293778443,-3.2498,-4.0684,6.905122659895568,54,"kcat,KM"
55,0.6069163105717279,0.0003557196754115406,-3.2498,-4.0684,0.3225368952398625,55,"kcat,KM"
56,0.6069163105717279,0.000593376181646621,-3.2498,-4.0684,9.680124202094504,56,"kcat,KM"
57,0.6069163105717279,0.0009898111273664483,-3.2498,-4.0684,28.533309429468332,57,"kcat,KM"
58,0.6069163105717279,0.0016511044732865686,-3.2498,-4.0684,42.3180498671495,58,"kcat,KM"
59,0.6069163105717279,0.0027542082588627457,-3.2498,-4.0684,46.99773498832842,59,"kcat,KM"
60,1.0123974237001767,2.7542082588627457e-05,-3.2498,-4.0684,29.927864811056764,60,"kcat,KM"
61,1.0123974237001767,4.5942962761697854e-05,-3.2498,-4.0684,29.756348423155767,61,"kcat,KM"
62,1.0123974237001767,7.663748086335051e-05,-3.2498,-4.0684,27.935166609735056,62,"kcat,KM"
63,1.0123974237001767,0.0001278390229978141,-3.2498,-4.0684,23.86961118920472,63,"kcat,KM"
64,1.0123974237001767,0.00021324834293778443,-3.2498,-4.0684,16.737812080726208,64,"kcat,KM"
65,1.0123974237001767,0.0003557196754115406,-3.2498,-4.0684,6.905122660052664,65,"kcat,KM"
66,1.0123974237001767,0.000593376181646621,-3.2498,-4.0684,0.3225368952574153,66,"kcat,KM"
67,1.0123974237001767,0.0009898111273664483,-3.2498,-4.0684,9.680124200687798,67,"kcat,KM"
68,1.0123974237001767,0.0016511044732865686,-3.2498,-4.0684,28.53330942943102,68,"kcat,KM"
69,1.0123974237001767,0.0027542082588627457,-3.2498,-4.0684,42.31804986632672,69,"kcat,KM"
70,1.6887806863342196,2.7542082588627457e-05,-3.2498,-4.0684,29.928115235024478,70,"kcat,KM"
71,1.6887806863342196,4.5942962761697854e-05,-3.2498,-4.0684,29.92786481105789,71,"kcat,KM"
72,1.6887806863342196,7.663748086335051e-05,-3.2498,-4.0684,29.756348423155757,72,"kcat,KM"
73,1.6887806863342196,0.0001278390229978141,-3.2498,-4.0684,27.935166609735063,73,"kcat,KM"
74,1.6887806863342196,0.00021324834293778443,-3.2498,-4.0684,23.869611189028006,74,"kcat,KM"
75,1.6887806863342196,0.0003557196754115406,-3.2498,-4.0684,16.737812080483316,75,"kcat,KM"
76,1.6887806863342196,0.000593376181646621,-3.2498,-4.0684,6.905122659895568,76,"kcat,KM"
77,1.6887806863342196,0.0009898111273664483,-3.2498,-4.0684,0.3225368952397094,77,"kcat,KM"
78,1.6887806863342196,0.0016511044732865686,-3.2498,-4.0684,9.680124202094323,78,"kcat,KM"
79,1.6887806863342196,0.0027542082588627457,-3.2498,-4.0684,28.53330942836785,79,"kcat,KM"
80,2.817055970087196,2.7542082588627457e-05,-3.2498,-4.0684,29.928115080984078,80,"kcat,KM"
81,2.817055970087196,4.5942962761697854e-05,-3.2498,-4.0684,29.928115235024478,81,"kcat,KM"
82,2.817055970087196,7.663748086335051e-05,-3.2498,-4.0684,29.927864811057894,82,"kcat,KM"
83,2.817055970087196,0.0001278390229978141,-3.2498,-4.0684,29.75634842315681,83,"kcat,KM"
84,2.817055970087196,0.00021324834293778443,-3.2498,-4.0684,27.935166609735063,84,"kcat,KM"
85,2.817055970087196,0.0003557196754115406,-3.2498,-4.0684,23.869611189028006,85,"kcat,KM"
86,2.817055970087196,0.000593376181646621,-3.2498,-4.0684,16.737812080483117,86,"kcat,KM"
87,2.817055970087196,0.0016511044732865686,-3.2498,-4.0684,0.32253689524571705,88,"kcat,KM"
88,2.817055970087196,0.0027542082588627457,-3.2498,-4.0684,9.680124202094316,89,"kcat,KM"
89,4.699132577025085,2.7542082588627457e-05,-3.2498,-4.0684,29.928115102156376,90,"kcat,KM"
90,2.817055970087196,0.0009898111273664483,-3.2498,-4.0684,6.905122659895568,87,"kcat,KM"
91,4.699132577025085,7.663748086335051e-05,-3.2498,-4.0684,29.9281152350245,92,"kcat,KM"
92,4.699132577025085,4.5942962761697854e-05,-3.2498,-4.0684,29.928115080984078,91,"kcat,KM"
93,4.699132577025085,0.0001278390229978141,-3.2498,-4.0684,29.927864811057862,93,"kcat,KM"
94,4.699132577025085,0.00021324834293778443,-3.2498,-4.0684,29.75634842315681,94,"kcat,KM"
95,4.699132577025085,0.000593376181646621,-3.2498,-4.0684,23.869611189204708,96,"kcat,KM"
96,4.699132577025085,0.0003557196754115406,-3.2498,-4.0684,27.935166609735063,95,"kcat,KM"
97,4.699132577025085,0.0009898111273664483,-3.2498,-4.0684,16.737812080483117,97,"kcat,KM"
98,4.699132577025085,0.0027542082588627457,-3.2498,-4.0684,0.32253689524571705,99,"kcat,KM"
99,4.699132577025085,0.0016511044732865686,-3.2498,-4.0684,6.9051226600621884,98,"kcat,KM"
