Time,FRET,Enzyme,RNA,DNA
0.0,1.0,0.0,1.0000000000000001e-07,5.000000000000001e-07
386.89,1.0986848998382122,0.0,1.0000000000000001e-07,5.000000000000001e-07
703.364,1.077725502487206,0.0,1.0000000000000001e-07,5.000000000000001e-07
1019.8380000000002,1.0695766213071665,0.0,1.0000000000000001e-07,5.000000000000001e-07
1336.3119999999997,1.117011579414797,0.0,1.0000000000000001e-07,5.000000000000001e-07
1652.786,1.0690426100360073,0.0,1.0000000000000001e-07,5.000000000000001e-07
1969.26,1.1063003642091616,0.0,1.0000000000000001e-07,5.000000000000001e-07
2285.734,1.1067518959385894,0.0,1.0000000000000001e-07,5.000000000000001e-07
2602.2079999999996,1.0568329258370597,0.0,1.0000000000000001e-07,5.000000000000001e-07
2918.682,1.0448812637792961,0.0,1.0000000000000001e-07,5.000000000000001e-07
3235.1560000000004,1.0487010607253258,0.0,1.0000000000000001e-07,5.000000000000001e-07
3551.63,1.0450994054520335,0.0,1.0000000000000001e-07,5.000000000000001e-07
3868.104000000001,1.0830557014628008,0.0,1.0000000000000001e-07,5.000000000000001e-07
4184.578,1.133113124544869,0.0,1.0000000000000001e-07,5.000000000000001e-07
4501.052,1.1045080491401205,0.0,1.0000000000000001e-07,5.000000000000001e-07
4817.525999999999,1.1246554909786723,0.0,1.0000000000000001e-07,5.000000000000001e-07
0.0,1.0,2e-06,1.0000000000000001e-07,5.000000000000001e-07
0.0,1.0,2e-06,1.0000000000000001e-07,5.000000000000001e-07
386.89,1.072686409741941,2e-06,1.0000000000000001e-07,5.000000000000001e-07
386.89,1.0284047826727858,2e-06,1.0000000000000001e-07,5.000000000000001e-07
703.364,1.0189194375101003,2e-06,1.0000000000000001e-07,5.000000000000001e-07
703.364,1.050018847545509,2e-06,1.0000000000000001e-07,5.000000000000001e-07
1019.8380000000002,1.030284042615073,2e-06,1.0000000000000001e-07,5.000000000000001e-07
1019.8380000000002,1.0632660160521372,2e-06,1.0000000000000001e-07,5.000000000000001e-07
1336.3119999999997,0.9823036275021605,2e-06,1.0000000000000001e-07,5.000000000000001e-07
1336.3119999999997,0.9922188013247062,2e-06,1.0000000000000001e-07,5.000000000000001e-07
1652.786,0.9277413408184241,2e-06,1.0000000000000001e-07,5.000000000000001e-07
1652.786,0.8610755941626839,2e-06,1.0000000000000001e-07,5.000000000000001e-07
1969.26,0.8577547363695405,2e-06,1.0000000000000001e-07,5.000000000000001e-07
1969.26,0.9515239509975945,2e-06,1.0000000000000001e-07,5.000000000000001e-07
2285.734,0.8895024308219034,2e-06,1.0000000000000001e-07,5.000000000000001e-07
2285.734,0.8384675905753335,2e-06,1.0000000000000001e-07,5.000000000000001e-07
2602.2079999999996,0.6798112714047322,2e-06,1.0000000000000001e-07,5.000000000000001e-07
2602.2079999999996,0.6334680077129536,2e-06,1.0000000000000001e-07,5.000000000000001e-07
2918.682,0.5057847026504604,2e-06,1.0000000000000001e-07,5.000000000000001e-07
2918.682,0.5255232867568036,2e-06,1.0000000000000001e-07,5.000000000000001e-07
3235.1560000000004,0.3123084062377443,2e-06,1.0000000000000001e-07,5.000000000000001e-07
3235.1560000000004,0.34561701248481147,2e-06,1.0000000000000001e-07,5.000000000000001e-07
3551.63,0.23854929358520346,2e-06,1.0000000000000001e-07,5.000000000000001e-07
3551.63,0.19971183610338164,2e-06,1.0000000000000001e-07,5.000000000000001e-07
3868.104000000001,0.16858862015390086,2e-06,1.0000000000000001e-07,5.000000000000001e-07
3868.104000000001,0.13805861443610923,2e-06,1.0000000000000001e-07,5.000000000000001e-07
4184.578,0.09257520806237181,2e-06,1.0000000000000001e-07,5.000000000000001e-07
4184.578,0.06031570426180201,2e-06,1.0000000000000001e-07,5.000000000000001e-07
4501.052,0.08452714329779876,2e-06,1.0000000000000001e-07,5.000000000000001e-07
4501.052,0.023626694848531433,2e-06,1.0000000000000001e-07,5.000000000000001e-07
4817.525999999999,0.0,2e-06,1.0000000000000001e-07,5.000000000000001e-07
4817.525999999999,8.096525516284186e-17,2e-06,1.0000000000000001e-07,5.000000000000001e-07
0.0,1.0,3e-06,1.0000000000000001e-07,5.000000000000001e-07
0.0,1.0,3e-06,1.0000000000000001e-07,5.000000000000001e-07
386.89,1.048550102223815,3e-06,1.0000000000000001e-07,5.000000000000001e-07
386.89,1.0642854822494157,3e-06,1.0000000000000001e-07,5.000000000000001e-07
703.364,0.9838761947237081,3e-06,1.0000000000000001e-07,5.000000000000001e-07
703.364,0.9983006550915037,3e-06,1.0000000000000001e-07,5.000000000000001e-07
1019.8380000000002,1.008837929923548,3e-06,1.0000000000000001e-07,5.000000000000001e-07
1019.8380000000002,1.014401065588929,3e-06,1.0000000000000001e-07,5.000000000000001e-07
1336.3119999999997,0.9011367547967934,3e-06,1.0000000000000001e-07,5.000000000000001e-07
1336.3119999999997,0.914229931687484,3e-06,1.0000000000000001e-07,5.000000000000001e-07
1652.786,0.7191517884068191,3e-06,1.0000000000000001e-07,5.000000000000001e-07
1652.786,0.5648179642672441,3e-06,1.0000000000000001e-07,5.000000000000001e-07
1969.26,0.46476959049343003,3e-06,1.0000000000000001e-07,5.000000000000001e-07
1969.26,0.4437397705262502,3e-06,1.0000000000000001e-07,5.000000000000001e-07
2285.734,0.3400076669516857,3e-06,1.0000000000000001e-07,5.000000000000001e-07
2285.734,0.24787099337953813,3e-06,1.0000000000000001e-07,5.000000000000001e-07
2602.2079999999996,0.17081782577886503,3e-06,1.0000000000000001e-07,5.000000000000001e-07
2602.2079999999996,0.1562443009193324,3e-06,1.0000000000000001e-07,5.000000000000001e-07
2918.682,0.1255277001342145,3e-06,1.0000000000000001e-07,5.000000000000001e-07
2918.682,0.06981337120681204,3e-06,1.0000000000000001e-07,5.000000000000001e-07
3235.1560000000004,0.04959698774339873,3e-06,1.0000000000000001e-07,5.000000000000001e-07
3235.1560000000004,0.03334100265101399,3e-06,1.0000000000000001e-07,5.000000000000001e-07
3551.63,0.048177567461735814,3e-06,1.0000000000000001e-07,5.000000000000001e-07
3551.63,0.05328336949933393,3e-06,1.0000000000000001e-07,5.000000000000001e-07
3868.104000000001,0.02580818965792725,3e-06,1.0000000000000001e-07,5.000000000000001e-07
3868.104000000001,0.00020131417511457916,3e-06,1.0000000000000001e-07,5.000000000000001e-07
4184.578,0.0,3e-06,1.0000000000000001e-07,5.000000000000001e-07
4184.578,0.01190501078919423,3e-06,1.0000000000000001e-07,5.000000000000001e-07
4501.052,0.0021062062453775926,3e-06,1.0000000000000001e-07,5.000000000000001e-07
4501.052,0.019575674619737773,3e-06,1.0000000000000001e-07,5.000000000000001e-07
4817.525999999999,0.008717913635942322,3e-06,1.0000000000000001e-07,5.000000000000001e-07
4817.525999999999,0.0,3e-06,1.0000000000000001e-07,5.000000000000001e-07
0.0,1.0,5e-06,1.0000000000000001e-07,5.000000000000001e-07
0.0,1.0,5e-06,1.0000000000000001e-07,5.000000000000001e-07
386.89,1.0252958272422554,5e-06,1.0000000000000001e-07,5.000000000000001e-07
386.89,0.9599266698043079,5e-06,1.0000000000000001e-07,5.000000000000001e-07
703.364,0.9604556814856403,5e-06,1.0000000000000001e-07,5.000000000000001e-07
703.364,0.9212108347254652,5e-06,1.0000000000000001e-07,5.000000000000001e-07
1019.8380000000002,0.7910508938953706,5e-06,1.0000000000000001e-07,5.000000000000001e-07
1019.8380000000002,0.7842566428698743,5e-06,1.0000000000000001e-07,5.000000000000001e-07
1336.3119999999997,0.43253537460952185,5e-06,1.0000000000000001e-07,5.000000000000001e-07
1336.3119999999997,0.3767647560338829,5e-06,1.0000000000000001e-07,5.000000000000001e-07
1652.786,0.14652251619186446,5e-06,1.0000000000000001e-07,5.000000000000001e-07
1652.786,0.19665550743346474,5e-06,1.0000000000000001e-07,5.000000000000001e-07
1969.26,0.06874423979644842,5e-06,1.0000000000000001e-07,5.000000000000001e-07
1969.26,0.09625361691681239,5e-06,1.0000000000000001e-07,5.000000000000001e-07
2285.734,0.03719265479957189,5e-06,1.0000000000000001e-07,5.000000000000001e-07
2285.734,0.0639639863189648,5e-06,1.0000000000000001e-07,5.000000000000001e-07
2602.2079999999996,0.021076374000123337,5e-06,1.0000000000000001e-07,5.000000000000001e-07
2602.2079999999996,0.047641529977771664,5e-06,1.0000000000000001e-07,5.000000000000001e-07
2918.682,0.009627208108992896,5e-06,1.0000000000000001e-07,5.000000000000001e-07
2918.682,-7.244285849255464e-17,5e-06,1.0000000000000001e-07,5.000000000000001e-07
3235.1560000000004,0.007375773890457454,5e-06,1.0000000000000001e-07,5.000000000000001e-07
3235.1560000000004,0.0027912937557551176,5e-06,1.0000000000000001e-07,5.000000000000001e-07
3551.63,0.028326676331593834,5e-06,1.0000000000000001e-07,5.000000000000001e-07
3551.63,0.008292229777971272,5e-06,1.0000000000000001e-07,5.000000000000001e-07
3868.104000000001,0.02608023778913171,5e-06,1.0000000000000001e-07,5.000000000000001e-07
3868.104000000001,0.013312258395973612,5e-06,1.0000000000000001e-07,5.000000000000001e-07
4184.578,0.02551570487362934,5e-06,1.0000000000000001e-07,5.000000000000001e-07
4184.578,0.012406960115710361,5e-06,1.0000000000000001e-07,5.000000000000001e-07
4501.052,0.0062991378570324405,5e-06,1.0000000000000001e-07,5.000000000000001e-07
4501.052,0.029323310062275877,5e-06,1.0000000000000001e-07,5.000000000000001e-07
4817.525999999999,0.0,5e-06,1.0000000000000001e-07,5.000000000000001e-07
4817.525999999999,0.01938395694097781,5e-06,1.0000000000000001e-07,5.000000000000001e-07
