k1,km1,k2,km2,kcat,dGo,alpha,kobs,RSS
2.1901055566229406,1.9817629805730603,11638712.594750768,3767.740187975955,1.0574367021712527,-3.2498,-4.0684,1714.3162385519415,0.6383791246122139
2.1901055566229406,1.9817629805730603,11638712.594750768,3767.740187975955,1.0574367021712527,-3.2498,-4.0684,1714.3162385519415,0.5461158904264568
2.1901055566229406,1.9817629805730603,11638712.594750768,3767.740187975955,1.0574367021712527,-3.2498,-4.0684,1714.3162385519415,0.6246289808521397
2.190097256478102,1.9817598419812397,11638684.48223326,3767.739012540656,1.0574360882873237,-3.2498,-4.0684,1714.3098409187985,0.6804710986508891
2.1770027177809737,1.891095401225698,12386339.49113149,3897.7553271148213,0.9980132418346255,-3.2498,-4.0684,1696.7625691371593,0.6346038401770216
2.1629592329381695,1.97475453517047,11638211.473173922,3777.5345961106386,1.061693337269542,-3.2498,-4.0684,1709.3961914887952,0.7281725865858626
2.1746824067081474,1.9855195995866532,11596682.076295514,3773.526607653096,1.0593900002306373,-3.2498,-4.0684,1701.3815453769873,0.6291888309116999
2.182757252862651,1.9556030257160169,11614910.334717393,3774.7801313839236,1.0660094282200219,-3.2498,-4.0684,1729.5764412034757,0.5829957240035928
2.1784894831669392,1.9799587718692941,11624686.011698056,3768.191271195033,1.0579873563996691,-3.2498,-4.0684,1709.3500802226456,0.58961003406229
2.179190847493527,1.9806483938329595,11621875.96099722,3773.057550601578,1.0584199520352442,-3.2498,-4.0684,1707.4096504505796,0.6215862449586723
2.1880371267556,1.9810878056476233,11638817.427516766,3767.9111010953598,1.0574398682417092,-3.2498,-4.0684,1713.7670993201823,0.7294102844779443
2.1815231773098467,1.9798173522007891,11673697.874072263,3769.8610471854827,1.0609144473312773,-3.2498,-4.0684,1721.7410854959144,0.7713126729270687
2.1396577289350764,1.8989971452515562,12058731.48985234,3865.910732295441,1.0509952515799852,-3.2498,-4.0684,1736.3611892131457,0.6290791094136445
2.1742449017625978,1.97998228364454,11698280.91681686,3763.29952857486,1.058883098431449,-3.2498,-4.0684,1722.2544382722401,0.637996945698194
2.1601446392657015,1.9755999336437888,11760218.355220318,3763.9667365995915,1.0606887155235616,-3.2498,-4.0684,1730.4709501627979,0.6632183494337602
2.1794458175759237,1.9806824989511553,11641144.139283959,3770.527937436203,1.0594098959437313,-3.2498,-4.0684,1713.0690634120529,0.6849902010126832
2.1724712568477424,1.9744084895240688,11506149.272539128,3776.0707941313135,1.0682584314479997,-3.2498,-4.0684,1704.8098949213777,0.7631350170244744
2.1441444193289576,1.9666042443982255,11940771.288310656,3775.326088916376,1.0536989199451616,-3.2498,-4.0684,1737.826278520942,0.6608718844892492
2.159287623342225,1.9620859652954472,12094530.594261736,3805.4090924453712,1.039018153850368,-3.2498,-4.0684,1729.6600358137723,0.6095804853005216
2.1901055566229406,1.9817629805730603,11638712.594750768,3767.740187975955,1.0574367021712527,-3.2498,-4.0684,1714.3162385519415,0.5370200864949486
2.1762053903667193,1.8783744550918247,12124168.736728696,3869.896968973645,1.0305789214947976,-3.2498,-4.0684,1732.49587509795,0.6537764773066377
2.169966120575744,1.9728743454449784,11674863.815217802,3774.6981388933327,1.0597396695205297,-3.2498,-4.0684,1716.3332712689762,0.6192731949865002
2.174445126402392,1.9781378951255202,11643743.013989178,3772.742214993016,1.0589371825524383,-3.2498,-4.0684,1710.8578443929755,0.7620843277327505
2.1681951954985106,1.9314921149262152,12297699.629558058,3822.4456342275757,1.0201142504984846,-3.2498,-4.0684,1735.2543259367396,0.7214759764172332
2.1901055566229406,1.9817629805730603,11638712.594750768,3767.740187975955,1.0574367021712527,-3.2498,-4.0684,1714.3162385519415,0.5928773754695114
2.173365377156371,1.981590072236422,11648241.51780071,3772.082705667858,1.0594400408265958,-3.2498,-4.0684,1710.8028128787491,0.6610338084726184
2.1801717314437106,1.95880423343317,11596189.61899004,3770.7593447468776,1.0671822474287547,-3.2498,-4.0684,1728.2238315294285,0.7315012751143003
2.1600728160232254,1.8916406771856202,12075920.833866531,3863.8906875758576,1.0370209766184235,-3.2498,-4.0684,1727.4126163612445,0.5870154298216912
2.1901055566229406,1.9817629805730603,11638712.594750768,3767.740187975955,1.0574367021712527,-3.2498,-4.0684,1714.3162385519415,0.6536797280985294
2.1653435617317816,1.9724081107856306,12039420.45231716,3800.5192208406565,1.030764078863844,-3.2498,-4.0684,1708.3094442430574,0.6356621763849881
2.1659103994759543,1.9837639380270153,11654204.442642257,3774.015770115133,1.0579293253746243,-3.2498,-4.0684,1704.6700268282395,0.598648408470245
2.168373880711738,1.9790040782401777,11703597.470967436,3768.2759556017177,1.0590983231511846,-3.2498,-4.0684,1719.2992175030777,0.5954376524052892
2.174798657854411,1.867049479732437,12400707.742585264,3919.03744869371,0.9987117928895246,-3.2498,-4.0684,1699.9480181675813,0.6720509164325966
2.1759273326695694,1.9803073005086818,11613846.921108818,3776.231087696524,1.0605486673154805,-3.2498,-4.0684,1707.145405495802,0.5741700995245984
2.176686486092257,1.9807843597668473,11644001.612916546,3771.6318789945385,1.0588876846161166,-3.2498,-4.0684,1711.0693564063863,0.7111777743839961
2.1737769093370045,1.9373707065595847,11664440.745263468,3805.2395283885066,1.0603821049649391,-3.2498,-4.0684,1718.2059029580153,0.7296596629854892
2.1901055566229406,1.9817629805730603,11638712.594750768,3767.740187975955,1.0574367021712527,-3.2498,-4.0684,1714.3162385519415,0.7314383171792378
2.1806196339289987,1.9805623397641123,11642608.464025099,3769.7283240467086,1.0585733484115387,-3.2498,-4.0684,1712.7834917550463,0.5135257893429921
2.1901055566229406,1.9817629805730603,11638712.594750768,3767.740187975955,1.0574367021712527,-3.2498,-4.0684,1714.3162385519415,0.5744177954847887
2.178790996229289,1.9783748634414846,11629583.263649594,3769.958622740708,1.0573140848952156,-3.2498,-4.0684,1708.9447496202104,0.5902279408815149
2.1872277570722027,1.9376499086259429,11736870.084690277,3825.3652441408267,1.0444601800841822,-3.2498,-4.0684,1698.7741786299482,0.5270678463750413
2.1877582970810603,1.7807164590718068,12837961.823832182,3986.439369523895,0.9751052947060994,-3.2498,-4.0684,1730.7403983288,0.5427510000937872
2.1693817661871595,1.9859823759961448,11655419.145592995,3767.698508793609,1.0555779954083495,-3.2498,-4.0684,1704.3050138788374,0.772470621376453
2.188692992027326,1.9811621853393606,11634872.717100535,3767.653976553905,1.05739899678046,-3.2498,-4.0684,1713.450361906231,0.6624866109233162
2.1901055566229406,1.9817629805730603,11638712.594750768,3767.740187975955,1.0574367021712527,-3.2498,-4.0684,1714.3162385519415,0.661849004115789
2.1901055566229406,1.9817629805730603,11638712.594750768,3767.740187975955,1.0574367021712527,-3.2498,-4.0684,1714.3162385519415,0.7051585097386015
2.1901055566229406,1.9817629805730603,11638712.594750768,3767.740187975955,1.0574367021712527,-3.2498,-4.0684,1714.3162385519415,0.5675654182397705
2.16488934309794,1.9881426897199121,11647335.506066771,3782.632112418593,1.0529861652760801,-3.2498,-4.0684,1689.6808732174018,0.6418345348247043
2.1788599801409,1.902449796304356,11858948.12712427,3844.8620242262614,1.0447605579578711,-3.2498,-4.0684,1719.8633697909306,0.6468562821336705
2.1691823716645997,1.9913127389981904,11706501.590725088,3769.1064748088756,1.0525826256683315,-3.2498,-4.0684,1704.020060481574,0.7813512960465067
2.1779243013764993,1.9264716270111668,11852548.506792532,3824.4278763546986,1.043572126992511,-3.2498,-4.0684,1715.7056443569516,0.47373991847824715
2.177713034418072,1.88555169596621,12165194.94871659,3901.9648415467473,1.0091290254064749,-3.2498,-4.0684,1685.7596249660526,0.6152036102852969
2.16609587108713,1.986178537064121,11627908.108618347,3767.5991195201345,1.0597930113248513,-3.2498,-4.0684,1705.7973576663214,0.7087510988957173
2.1901055566229406,1.9817629805730603,11638712.594750768,3767.740187975955,1.0574367021712527,-3.2498,-4.0684,1714.3162385519415,0.600252875644527
2.1810059602148137,1.9783708444864705,11667288.227485768,3769.944871942397,1.0590061600905742,-3.2498,-4.0684,1718.0667023311923,0.5406145833033718
2.1763219376122374,1.971115696195644,11706012.410002649,3770.8100108688955,1.065570113634398,-3.2498,-4.0684,1735.3094363523492,0.672508547496258
2.179007739270582,1.9652401566329738,11541241.27707324,3788.7317698904644,1.0633443783449232,-3.2498,-4.0684,1702.6436979485952,0.673833887795432
2.1796755291125627,1.9797977606207113,11653835.891574105,3770.9636053237887,1.0561908849447015,-3.2498,-4.0684,1709.9793215843636,0.6354340920374091
2.1697532193708695,1.9439754242090972,11713087.631887257,3796.6425828801575,1.0571980401347787,-3.2498,-4.0684,1719.8153190825426,0.6610533710918193
2.1603791215319976,1.9499139411430289,12327491.515851254,3832.1432499912107,1.011154742150917,-3.2498,-4.0684,1709.201263296638,0.6817476668296261
2.1901055566229406,1.9817629805730603,11638712.594750768,3767.740187975955,1.0574367021712527,-3.2498,-4.0684,1714.3162385519415,0.6186332616089205
2.1727223715777484,1.9556963404111762,11741010.85927572,3798.3148170696163,1.0519713674782385,-3.2498,-4.0684,1710.8765956795837,0.6001850731122731
2.167011409011075,1.9413311539902156,12193302.438070975,3818.778655255011,1.0266496429459493,-3.2498,-4.0684,1728.609628998752,0.5939946909426306
2.173220111267715,1.9663175585833832,11748739.912041571,3765.535497272017,1.0633899261589788,-3.2498,-4.0684,1741.3510579158558,0.5534839853769614
2.180405734900179,1.9802697159104694,11646491.845489625,3769.042996853196,1.0583678037954285,-3.2498,-4.0684,1713.374089634835,0.49278952418153654
2.1725646547029913,1.9486151009412014,11700374.076879699,3789.120350539414,1.0592379290150595,-3.2498,-4.0684,1723.7910995622262,0.7228465590408099
2.180677066151842,1.9365952845728156,11822307.416168442,3809.365604458852,1.0544732316940317,-3.2498,-4.0684,1732.7931047092736,0.5047388182001371
2.184103372548108,1.9799865365987692,11649502.355936708,3769.125735528179,1.058815445144691,-3.2498,-4.0684,1716.0033182008763,0.6508489307641379
2.170683476863625,1.9591628008043034,11780036.679680025,3766.0703349689034,1.0636515901109878,-3.2498,-4.0684,1748.2260334608538,0.5953813335621436
2.17652995100113,1.9808594244137026,11630880.681798711,3771.1795259687683,1.0584720937785157,-3.2498,-4.0684,1708.5861180008048,0.584204037489231
2.178199468697348,1.979242864554137,11640425.763521831,3771.560374732294,1.0595487432304216,-3.2498,-4.0684,1712.845401421397,0.6343058424695649
2.1897332023027483,1.9816638185403144,11637991.406094728,3767.734090549167,1.057439777984718,-3.2498,-4.0684,1714.120058936328,0.7382023343895805
2.1901055566229406,1.9817629805730603,11638712.594750768,3767.740187975955,1.0574367021712527,-3.2498,-4.0684,1714.3162385519415,0.6473797089260696
2.180958965933818,1.9838693910023473,11634969.640086599,3772.207866487046,1.0581179344638167,-3.2498,-4.0684,1708.5681102810227,0.5071212329101848
2.1901055566229406,1.9817629805730603,11638712.594750768,3767.740187975955,1.0574367021712527,-3.2498,-4.0684,1714.3162385519415,0.6536522954905983
2.1901055566229406,1.9817629805730603,11638712.594750768,3767.740187975955,1.0574367021712527,-3.2498,-4.0684,1714.3162385519415,0.6478565488909163
2.180636281742224,1.9807216759803108,11647396.976332912,3769.9643371780535,1.0578991050263733,-3.2498,-4.0684,1712.2303571321177,0.4969231268617978
2.1901055566229406,1.9817629805730603,11638712.594750768,3767.740187975955,1.0574367021712527,-3.2498,-4.0684,1714.3162385519415,0.6600936437336675
2.160183780706883,1.9772604050246216,11644795.338475421,3775.2226948261086,1.055575408644478,-3.2498,-4.0684,1699.4785494163862,0.7094956110240536
2.1860285349442727,1.9435239720248925,11710035.882195724,3800.0982800014303,1.054722766121802,-3.2498,-4.0684,1720.022108815066,0.6179005964128366
2.1617766444889748,1.9642522628776145,11829181.944479918,3773.2032857685426,1.057268334396582,-3.2498,-4.0684,1736.1474740292504,0.7407322379537001
2.172298303636503,1.9597461948273973,11509420.199083026,3771.7167680014063,1.0732792488234675,-3.2498,-4.0684,1721.3057289065641,0.7023748206421538
2.174339711909261,1.9775644888325932,11636690.025319831,3769.310570884979,1.0593091275773214,-3.2498,-4.0684,1712.1755717930105,0.6417103865196842
2.1608885171848047,1.9597779989422182,11797947.023500146,3795.8299871695017,1.0510555187631367,-3.2498,-4.0684,1712.6554497928814,0.6051807825173112
2.165037977665385,1.9537436969759705,11869917.45812888,3820.2819936434703,1.0405258679078857,-3.2498,-4.0684,1698.9618766024212,0.6255245962018365
2.1901055566229406,1.9817629805730603,11638712.594750768,3767.740187975955,1.0574367021712527,-3.2498,-4.0684,1714.3162385519415,0.510773044645854
2.1901055566229406,1.9817629805730603,11638712.594750768,3767.740187975955,1.0574367021712527,-3.2498,-4.0684,1714.3162385519415,0.6857853950906638
2.17652646177063,1.9803413409576174,11641274.628105322,3769.9080512358382,1.0583351600197943,-3.2498,-4.0684,1710.6802301687271,0.7600122870532915
2.1704980508844782,1.9783791846665957,11621851.05900749,3774.3878852712432,1.0610348164173522,-3.2498,-4.0684,1708.6973948885206,0.5702499781547651
2.1667375908613953,1.9086108398457182,12272311.439766608,3867.407604332309,1.0108334726874681,-3.2498,-4.0684,1704.9596704049666,0.6175045969024913
2.1901055566229406,1.9817629805730603,11638712.594750768,3767.740187975955,1.0574367021712527,-3.2498,-4.0684,1714.3162385519415,0.6512121691609607
2.174002328349086,1.908353112682157,11966152.090617232,3825.1459965733193,1.0480484383826063,-3.2498,-4.0684,1745.492841553294,0.49786615681648627
2.1783345491441963,1.8142415495909785,12669731.76450941,3952.6744899350356,0.9887028316649826,-3.2498,-4.0684,1728.6413836559957,0.7906166848350213
2.1389421703594973,1.969590279655812,11297276.035319328,3760.4315913968803,1.0842164016448015,-3.2498,-4.0684,1695.2710409156587,0.6888083253003914
2.176021066937967,1.9835655183621816,11660693.192511866,3772.0778828193893,1.0586799219363265,-3.2498,-4.0684,1711.5888472603524,0.7774346279931553
2.178272641718058,1.9836201969757705,11604684.158375075,3784.5668097599155,1.0574570938559962,-3.2498,-4.0684,1696.6017716768458,0.7645393111310528
2.1772130097088622,1.9674438681502222,11591398.441336088,3785.9823199454822,1.0615133349255657,-3.2498,-4.0684,1706.7632965896837,0.8113079615471899
2.1916379633217655,1.9164752388542916,11643483.58775031,3805.387626217768,1.0612299928511133,-3.2498,-4.0684,1731.8045019612828,0.7082292409786022
2.1669506057828,1.9748092115699758,11624675.851588566,3767.3399738639205,1.058356917605355,-3.2498,-4.0684,1708.127573268887,0.7577662162168888
2.1696886282657686,1.8613443716828137,12285916.158157658,3882.106497181732,1.0204849353200531,-3.2498,-4.0684,1737.855296416038,0.6279023305199962
