kcat_Dilute,KM_Dilute,kcat_Dense,KM_Dense,dGo,alpha,kobs_Dilute,kobs_Dense,RSS
1.0,0.000556255,0.3477265524355033,0.0009537885178173555,-3.2498,-3.0684,1797.7366495582064,364.57406011894426,0.1600718247046713
1.0,0.000556255,0.4248493616206732,0.0011855620872908146,-3.2498,-3.0684,1797.7366495582064,358.35268871621656,0.21849006021981393
1.0,0.000556255,0.4615464154153075,0.0012525219527411702,-3.2498,-3.0684,1797.7366495582064,368.4936734284007,0.1999086239980601
1.0,0.000556255,0.43883036356740823,0.001207325682690219,-3.2498,-3.0684,1797.7366495582064,363.4730627030033,0.1940538043857885
1.0,0.000556255,0.45161475143268204,0.0012239309718357072,-3.2498,-3.0684,1797.7366495582064,368.9871094244226,0.17114430482960966
1.0,0.000556255,0.5442789966982202,0.001481913481159114,-3.2498,-3.0684,1797.7366495582064,367.2812236464031,0.1151455001890688
1.0,0.000556255,0.7025320966371995,0.001915042732474448,-3.2498,-3.0684,1797.7366495582064,366.8493056180788,0.19856820641427592
1.0,0.000556255,0.405674412551571,0.0011295379249526283,-3.2498,-3.0684,1797.7366495582064,359.1507673977256,0.16996624578652342
1.0,0.000556255,0.43285746936913116,0.0011920611207388854,-3.2498,-3.0684,1797.7366495582064,363.11684177807047,0.19605535060740487
1.0,0.000556255,0.3472468595094296,0.000952856963878479,-3.2498,-3.0684,1797.7366495582064,364.4270574420812,0.12958806479901636
1.0,0.000556255,0.43931708477962617,0.0011954154915306825,-3.2498,-3.0684,1797.7366495582064,367.5015824139086,0.136716013363556
1.0,0.000556255,0.437512715501416,0.0012036558072038295,-3.2498,-3.0684,1797.7366495582064,363.4865655803933,0.14537808223261234
1.0,0.000556255,0.5506507743983766,0.0015018022832075095,-3.2498,-3.0684,1797.7366495582064,366.6599661989535,0.16922835889315227
1.0,0.000556255,0.6663858944744387,0.0018141876411733593,-3.2498,-3.0684,1797.7366495582064,367.31916773693894,0.14287436767034647
1.0,0.000556255,0.44601513569820495,0.001227809636178967,-3.2498,-3.0684,1797.7366495582064,363.2608203713375,0.1517764424485405
1.0,0.000556255,0.3169915956455551,0.0008552216200768958,-3.2498,-3.0684,1797.7366495582064,370.654328894367,0.15007094012421734
1.0,0.000556255,0.4293593105857745,0.001189806522399528,-3.2498,-3.0684,1797.7366495582064,360.8648149951887,0.22314153020318928
1.0,0.000556255,0.48313254808468176,0.001289533664525444,-3.2498,-3.0684,1797.7366495582064,374.65679367314334,0.13525957070513034
1.0,0.000556255,0.4693637868747502,0.0012973153509118207,-3.2498,-3.0684,1797.7366495582064,361.796217507838,0.20283970046573882
1.0,0.000556255,0.4297948069141706,0.0011868270692935168,-3.2498,-3.0684,1797.7366495582064,362.1376846165253,0.1516086396313694
1.0,0.000556255,0.34770444704238024,0.0009537330597623184,-3.2498,-3.0684,1797.7366495582064,364.57208176156996,0.16526782635757717
1.0,0.000556255,0.5071293558516794,0.0013800517642302834,-3.2498,-3.0684,1797.7366495582064,367.47125651082234,0.18497843664038893
1.0,0.000556255,0.5161994148663127,0.0013883287961659052,-3.2498,-3.0684,1797.7366495582064,371.81351873697423,0.19645059303827372
1.0,0.000556255,0.4199341677374635,0.0011662471114687323,-3.2498,-3.0684,1797.7366495582064,360.07306136742545,0.13815197928768552
1.0,0.000556255,0.42609825562734804,0.0011790818253417656,-3.2498,-3.0684,1797.7366495582064,361.38141261217413,0.1648026728712454
1.0,0.000556255,0.4210702273834439,0.0011757964825210854,-3.2498,-3.0684,1797.7366495582064,358.11488947526504,0.1777895859896929
1.0,0.000556255,0.41604805057256566,0.0011568064912469422,-3.2498,-3.0684,1797.7366495582064,359.6522441053215,0.17825714065383585
1.0,0.000556255,0.411350901480229,0.0011479091883180859,-3.2498,-3.0684,1797.7366495582064,358.34794743906485,0.15767280444521026
1.0,0.000556255,0.4998853706076931,0.0013544477708015146,-3.2498,-3.0684,1797.7366495582064,369.06950669044886,0.15518495345988495
1.0,0.000556255,0.49233794128009545,0.0013319143840601066,-3.2498,-3.0684,1797.7366495582064,369.6468385447493,0.1365885948402885
1.0,0.000556255,0.4084720265709709,0.0011319511462685172,-3.2498,-3.0684,1797.7366495582064,360.8565863619654,0.18442080832442112
1.0,0.000556255,0.4506047915924123,0.0012110603957288246,-3.2498,-3.0684,1797.7366495582064,372.07458288753236,0.1429017507020521
1.0,0.000556255,0.35178747077802464,0.0009630469802838215,-3.2498,-3.0684,1797.7366495582064,365.2858873762821,0.1773972643542579
1.0,0.000556255,0.422081401177979,0.0011815491415797519,-3.2498,-3.0684,1797.7366495582064,357.2271235487072,0.14948524952544456
1.0,0.000556255,0.42346769487783686,0.0011743234448943207,-3.2498,-3.0684,1797.7366495582064,360.60567190323394,0.1260400155142416
1.0,0.000556255,0.4259030268693609,0.001173072460055713,-3.2498,-3.0684,1797.7366495582064,363.0662566651112,0.16434052979943303
1.0,0.000556255,0.35003367015506015,0.000960510901222178,-3.2498,-3.0684,1797.7366495582064,364.42446380324117,0.15161460093210946
1.0,0.000556255,0.43957089271617455,0.0011871358420206812,-3.2498,-3.0684,1797.7366495582064,370.2785116553803,0.15927269865228527
1.0,0.000556255,0.37123073079854474,0.0010157763126302788,-3.2498,-3.0684,1797.7366495582064,365.4650400709481,0.15977916392180697
1.0,0.000556255,0.4408417684066408,0.0012194430913811116,-3.2498,-3.0684,1797.7366495582064,361.51073512364906,0.15300702285771922
1.0,0.000556255,0.42139802033618023,0.0011699056856701029,-3.2498,-3.0684,1797.7366495582064,360.1982839281701,0.19867854494262854
1.0,0.000556255,0.5361426511066374,0.0014530527072315058,-3.2498,-3.0684,1797.7366495582064,368.9767400992269,0.181120436513531
1.0,0.000556255,0.4179388421952619,0.001184971884134467,-3.2498,-3.0684,1797.7366495582064,352.6993743826545,0.15498352218914885
1.0,0.000556255,0.4333519882427681,0.0011934170819244416,-3.2498,-3.0684,1797.7366495582064,363.1186404203026,0.13491072997466608
1.0,0.000556255,0.48761176445646526,0.001325576955734875,-3.2498,-3.0684,1797.7366495582064,367.8487034244967,0.15287435581224604
1.0,0.000556255,0.42584621295770986,0.0011788885123801274,-3.2498,-3.0684,1797.7366495582064,361.22687470924956,0.12721644618628392
1.0,0.000556255,0.4182088182235615,0.0011708067806098787,-3.2498,-3.0684,1797.7366495582064,357.1971269296156,0.17889845252555367
1.0,0.000556255,0.3820544442042426,0.0010446390382558013,-3.2498,-3.0684,1797.7366495582064,365.7286681935093,0.2097201639617916
1.0,0.000556255,0.4622784313166366,0.0012422800568961945,-3.2498,-3.0684,1797.7366495582064,372.1209470846917,0.19037428421909092
1.0,0.000556255,0.44422446315729447,0.001207667416009861,-3.2498,-3.0684,1797.7366495582064,367.83675477890614,0.12806645729062563
1.0,0.000556255,0.4736200072420622,0.0013022894133193352,-3.2498,-3.0684,1797.7366495582064,363.682605723468,0.1390399051250789
1.0,0.000556255,0.4437673871026262,0.0012016106782887226,-3.2498,-3.0684,1797.7366495582064,369.310455641605,0.16419039252514162
1.0,0.000556255,0.34153081339986424,0.0009366070617436995,-3.2498,-3.0684,1797.7366495582064,364.646848555711,0.17053457883720247
1.0,0.000556255,0.4527927139118342,0.0012295005665937664,-3.2498,-3.0684,1797.7366495582064,368.2736927614929,0.1290399947101583
1.0,0.000556255,0.4250947793783908,0.0011825202780436639,-3.2498,-3.0684,1797.7366495582064,359.48202096090773,0.14818934744929424
1.0,0.000556255,0.4461235605178264,0.0012034266446615538,-3.2498,-3.0684,1797.7366495582064,370.71105455147386,0.14825460772254934
1.0,0.000556255,0.4374369101235809,0.0012050479882309562,-3.2498,-3.0684,1797.7366495582064,363.00372632109895,0.16625986744910876
1.0,0.000556255,0.4811720239400732,0.001314198545478651,-3.2498,-3.0684,1797.7366495582064,366.13343211761287,0.12818549570603088
1.0,0.000556255,0.4257239981319909,0.0011733511067372193,-3.2498,-3.0684,1797.7366495582064,362.82745692022,0.16780020624047828
1.0,0.000556255,0.433328891528874,0.0011928846763246126,-3.2498,-3.0684,1797.7366495582064,363.26134464565354,0.1892604502635163
1.0,0.000556255,0.4505009334899166,0.0012251341868106946,-3.2498,-3.0684,1797.7366495582064,367.7155844150214,0.1634875403337836
1.0,0.000556255,0.4573788453889278,0.001239217753264188,-3.2498,-3.0684,1797.7366495582064,369.0867437818409,0.15423238411101495
1.0,0.000556255,0.4227038505320233,0.001180190827306915,-3.2498,-3.0684,1797.7366495582064,358.1656802879869,0.15063173324405546
1.0,0.000556255,0.4603332106853961,0.0012513999261166697,-3.2498,-3.0684,1797.7366495582064,367.8545931466506,0.1729725244696053
1.0,0.000556255,0.3656383510247674,0.0010009184980478425,-3.2498,-3.0684,1797.7366495582064,365.3028210967187,0.1460667545620296
1.0,0.000556255,0.5798961552923858,0.0015494168143258547,-3.2498,-3.0684,1797.7366495582064,374.26736945842197,0.15391794700627365
1.0,0.000556255,0.3555045842127946,0.0009739694982339175,-3.2498,-3.0684,1797.7366495582064,365.0058701606417,0.14589897067637952
1.0,0.000556255,0.35575886671994783,0.0009769436171073176,-3.2498,-3.0684,1797.7366495582064,364.1549629786543,0.13081597800148362
1.0,0.000556255,0.3687205215390825,0.0010089243598495612,-3.2498,-3.0684,1797.7366495582064,365.4590336128486,0.09701329578699575
1.0,0.000556255,0.4301816043983011,0.001184159791173811,-3.2498,-3.0684,1797.7366495582064,363.28002994585637,0.09117117980866252
1.0,0.000556255,0.36290659528735625,0.0009967139779815115,-3.2498,-3.0684,1797.7366495582064,364.10304591322586,0.22022085472378608
1.0,0.000556255,0.4179358742729098,0.0011513023572614633,-3.2498,-3.0684,1797.7366495582064,363.0113945627887,0.17141680532283074
1.0,0.000556255,0.4268876580666332,0.0011781033470693592,-3.2498,-3.0684,1797.7366495582064,362.351621467298,0.13225030142112623
1.0,0.000556255,0.533177993423894,0.0014564166904998954,-3.2498,-3.0684,1797.7366495582064,366.0889063561115,0.1363833168871369
1.0,0.000556255,0.4158888497499642,0.0011628880642994277,-3.2498,-3.0684,1797.7366495582064,357.634464156714,0.14551434316676437
1.0,0.000556255,0.36017555155213765,0.0009866177727869685,-3.2498,-3.0684,1797.7366495582064,365.06087918396656,0.17196237121030872
1.0,0.000556255,0.43393213028420186,0.0012099217948126073,-3.2498,-3.0684,1797.7366495582064,358.6447753438554,0.16991027454126367
1.0,0.000556255,0.39957648022065695,0.0011148930253929157,-3.2498,-3.0684,1797.7366495582064,358.3989415305889,0.15329292090605307
1.0,0.000556255,0.43433060219127895,0.0011983144738724194,-3.2498,-3.0684,1797.7366495582064,362.45126939651794,0.16377930218191217
1.0,0.000556255,0.4381182220748152,0.0012276628374939813,-3.2498,-3.0684,1797.7366495582064,356.871780015059,0.18204139149050383
1.0,0.000556255,0.5640205035784889,0.0015397834743212657,-3.2498,-3.0684,1797.7366495582064,366.29858222573034,0.12386685014599913
1.0,0.000556255,0.42079881079305625,0.0011712497030992308,-3.2498,-3.0684,1797.7366495582064,359.2733553567486,0.17694239553073438
1.0,0.000556255,0.42595482593926337,0.0011795480423023585,-3.2498,-3.0684,1797.7366495582064,361.11697926931623,0.13920493909910042
1.0,0.000556255,0.7397141056557157,0.00201466606006806,-3.2498,-3.0684,1797.7366495582064,367.16462361545246,0.11327822235174378
1.0,0.000556255,0.6233140701474793,0.0016990220583704696,-3.2498,-3.0684,1797.7366495582064,366.86637885402104,0.1817824912523176
1.0,0.000556255,0.44936790553001904,0.001210744790900331,-3.2498,-3.0684,1797.7366495582064,371.1499804974269,0.1401838937756919
1.0,0.000556255,0.4304418691694323,0.001196133977037328,-3.2498,-3.0684,1797.7366495582064,359.8609164464855,0.13866729173078132
1.0,0.000556255,0.42494419081829693,0.0011760338348324462,-3.2498,-3.0684,1797.7366495582064,361.3367049757036,0.17595207816053288
1.0,0.000556255,0.3583339237218719,0.0009813352606181658,-3.2498,-3.0684,1797.7366495582064,365.1493410072202,0.18130482230946107
1.0,0.000556255,0.5990186210210398,0.0016326601683772646,-3.2498,-3.0684,1797.7366495582064,366.89730822331325,0.13353397754646107
1.0,0.000556255,0.42687894346249333,0.0011763107462020583,-3.2498,-3.0684,1797.7366495582064,362.8964071277532,0.10350725533022985
1.0,0.000556255,0.3477698188575835,0.0009542454214651608,-3.2498,-3.0684,1797.7366495582064,364.44483885876366,0.15664010086206193
1.0,0.000556255,0.44743042177460635,0.001217357150495757,-3.2498,-3.0684,1797.7366495582064,367.5424435568433,0.14141250278847503
1.0,0.000556255,0.3565277147623098,0.0009789894216344353,-3.2498,-3.0684,1797.7366495582064,364.17933318123323,0.13459072112683193
1.0,0.000556255,0.4524267511059281,0.0012235493100564154,-3.2498,-3.0684,1797.7366495582064,369.7658503726896,0.1652064020248816
1.0,0.000556255,0.49296861865605623,0.0013100183687443367,-3.2498,-3.0684,1797.7366495582064,376.3066460881542,0.20252987228791777
1.0,0.000556255,0.352041082901114,0.0009645025983019417,-3.2498,-3.0684,1797.7366495582064,364.9975474621853,0.15629338247928176
1.0,0.000556255,0.520316146511975,0.0014211923674124494,-3.2498,-3.0684,1797.7366495582064,366.1123986046374,0.137263610661073
1.0,0.000556255,0.5014737710822581,0.0013187086276965632,-3.2498,-3.0684,1797.7366495582064,380.2764011320687,0.1771064974581139
1.0,0.000556255,0.46782407728238096,0.0012932096934613613,-3.2498,-3.0684,1797.7366495582064,361.7542303060062,0.18500712656144797
